{
  "chapter_01_copyright_2025": {
    "title": "Copyright \u00a9 2025",
    "files": [
      "main.carbon"
    ]
  },
  "chapter_02_author_name": {
    "title": "[Author Name]",
    "files": [
      "main.carbon"
    ]
  },
  "chapter_03_legal_disclaimer": {
    "title": "Legal Disclaimer:",
    "files": [
      "main.carbon"
    ]
  },
  "chapter_04_how_to_download_your_code_repository": {
    "title": "How to Download Your Code Repository",
    "files": [
      "main.carbon"
    ]
  },
  "chapter_05_introduction": {
    "title": "INTRODUCTION",
    "files": [
      "main.carbon",
      "examples/io_example.carbon"
    ]
  },
  "chapter_06_chapter_1": {
    "title": "Chapter 1",
    "files": [
      "main.carbon"
    ]
  },
  "chapter_07_recap_core_syntax_and_concepts_refresher": {
    "title": "Recap: Core Syntax and Concepts Refresher",
    "files": [
      "main.carbon"
    ]
  },
  "chapter_08_chapter_2": {
    "title": "Chapter 2",
    "files": [
      "main.carbon"
    ]
  },
  "chapter_09_project_environment_and_package_management": {
    "title": "Project Environment and Package Management",
    "files": [
      "main.carbon"
    ]
  },
  "chapter_10_chapter_3": {
    "title": "Chapter 3",
    "files": [
      "main.carbon"
    ]
  },
  "chapter_11_functions_modules_and_code_organization_at_scale": {
    "title": "Functions, Modules, and Code Organization at Scale",
    "files": [
      "main.carbon",
      "examples/io_example.carbon"
    ]
  },
  "chapter_12_chapter_4": {
    "title": "Chapter 4",
    "files": [
      "main.carbon"
    ]
  },
  "chapter_13_data_structures_in_depth_sets_maps_trees_tuples": {
    "title": "Data Structures in Depth (Sets, Maps, Trees, Tuples)",
    "files": [
      "main.carbon",
      "examples/data_structures.carbon"
    ]
  },
  "chapter_14_chapter_5": {
    "title": "Chapter 5",
    "files": [
      "main.carbon"
    ]
  },
  "chapter_15_file_handling_and_working_with_external_data": {
    "title": "File Handling and Working with External Data",
    "files": [
      "main.carbon",
      "examples/io_example.carbon"
    ]
  },
  "chapter_16_chapter_6": {
    "title": "Chapter 6",
    "files": [
      "main.carbon"
    ]
  },
  "chapter_17_error_handling_testing_frameworks_and_debugging_practices": {
    "title": "Error Handling, Testing Frameworks, and Debugging Practices",
    "files": [
      "main.carbon",
      "examples/testing.carbon"
    ]
  },
  "chapter_18_chapter_7": {
    "title": "Chapter 7",
    "files": [
      "main.carbon"
    ]
  },
  "chapter_19_concurrency_and_parallelism_threads_actors_async_models": {
    "title": "Concurrency and Parallelism (Threads, Actors, Async Models)",
    "files": [
      "main.carbon",
      "examples/concurrency.carbon"
    ]
  },
  "chapter_20_chapter_8": {
    "title": "Chapter 8",
    "files": [
      "main.carbon"
    ]
  },
  "chapter_21_object_oriented_functional_patterns": {
    "title": "Object-Oriented / Functional Patterns",
    "files": [
      "main.carbon",
      "examples/io_example.carbon"
    ]
  },
  "chapter_22_chapter_9": {
    "title": "Chapter 9",
    "files": [
      "main.carbon"
    ]
  },
  "chapter_23_using_libraries_and_ecosystem_tools": {
    "title": "Using Libraries and Ecosystem Tools",
    "files": [
      "main.carbon"
    ]
  },
  "chapter_24_chapter_10": {
    "title": "Chapter 10",
    "files": [
      "main.carbon"
    ]
  },
  "chapter_25_building_a_mid_sized_project_e_g_rest_api_cli_tool_simulation": {
    "title": "Building a Mid-Sized Project (e.g., REST API, CLI Tool, Simulation)",
    "files": [
      "main.carbon",
      "examples/io_example.carbon"
    ]
  },
  "chapter_26_chapter_11": {
    "title": "Chapter 11",
    "files": [
      "main.carbon"
    ]
  },
  "chapter_27_integration_with_databases_and_external_services": {
    "title": "Integration with Databases and External Services",
    "files": [
      "main.carbon",
      "examples/io_example.carbon",
      "examples/database.carbon"
    ]
  },
  "chapter_28_chapter_12": {
    "title": "Chapter 12",
    "files": [
      "main.carbon"
    ]
  },
  "chapter_29_optimization_techniques_and_memory_profiling": {
    "title": "Optimization Techniques and Memory Profiling",
    "files": [
      "main.carbon",
      "examples/io_example.carbon",
      "examples/performance.carbon"
    ]
  },
  "chapter_30_chapter_13": {
    "title": "Chapter 13",
    "files": [
      "main.carbon"
    ]
  },
  "chapter_31_intermediate_best_practices_clean_code_documentation_maintainability": {
    "title": "Intermediate Best Practices: Clean Code, Documentation, Maintainability",
    "files": [
      "main.carbon",
      "examples/io_example.carbon"
    ]
  },
  "chapter_32_chapter_14": {
    "title": "Chapter 14",
    "files": [
      "main.carbon"
    ]
  },
  "chapter_33_case_study_industry_application_of_carbon_in_real_world_software_projects": {
    "title": "Case Study: Industry Application of Carbon in Real-World Software Projects",
    "files": [
      "main.carbon",
      "examples/io_example.carbon"
    ]
  },
  "chapter_34_conclusion": {
    "title": "Conclusion",
    "files": [
      "main.carbon",
      "examples/io_example.carbon"
    ]
  },
  "chapter_35_capstone_project_career_pathways_and_further_specialisation": {
    "title": "Capstone Project, Career Pathways, and Further Specialisation",
    "files": [
      "main.carbon",
      "examples/io_example.carbon"
    ]
  },
  "chapter_36_companion_resources": {
    "title": "Companion Resources",
    "files": [
      "main.carbon",
      "examples/io_example.carbon"
    ]
  },
  "chapter_37_thank_you": {
    "title": "Thank You",
    "files": [
      "main.carbon"
    ]
  }
}
